Монца,2024-09-03,14:00
Сильверстоун,2024-07-16,13:30
Спа-Франкоршам,2024-08-22,15:00
Монте-Карло,2024-05-29,12:00
Сузука,2024-10-12,16:00
Интерлагос,2024-11-03,14:30
Хоккенхаймринг,2024-06-14,13:00
Ред Булл Ринг,2024-07-07,14:45
Барселона-Каталунья,2024-06-23,15:15
Имола,2024-04-21,12:45
Яс-Марина,2024-12-01,17:00
Баку,2024-05-05,14:00
Марина-Бей,2024-09-21,20:00
Жиль Вильнёв,2024-06-09,14:00
Зандфорт,2024-08-30,15:30
Мельбурн,2024-03-24,13:10
Лас-Вегас,2024-11-16,18:00
Джидда,2024-03-10,20:30
Бахрейн,2024-03-03,18:00
Муджелло,2024-07-28,14:30
Монца,2024-09-03,14:00
Сильверстоун,2024-07-16,13:30
Спа-Франкоршам,2024-08-22,15:00
Монте-Карло,2024-05-29,12:00
Сузука,2024-10-12,16:00
Интерлагос,2024-11-03,14:30
Хоккенхаймринг,2024-06-14,13:00
Ред Булл Ринг,2024-07-07,14:45
Барселона-Каталунья,2024-06-23,15:15
Имола,2024-04-21,12:45
Яс-Марина,2024-12-01,17:00
Баку,2024-05-05,14:00
Марина-Бей,2024-09-21,20:00
Жиль Вильнёв,2024-06-09,14:00
Зандфорт,2024-08-30,15:30
Мельбурн,2024-03-24,13:10
Лас-Вегас,2024-11-16,18:00
Джидда,2024-03-10,20:30
Бахрейн,2024-03-03,18:00
Муджелло,2024-07-28,14:30
Монца,2024-09-03,14:00
Сильверстоун,2024-07-16,13:30
Спа-Франкоршам,2024-08-22,15:00
Монте-Карло,2024-05-29,12:00
Сузука,2024-10-12,16:00
Интерлагос,2024-11-03,14:30
Хоккенхаймринг,2024-06-14,13:00
Ред Булл Ринг,2024-07-07,14:45
Барселона-Каталунья,2024-06-23,15:15
Имола,2024-04-21,12:45
Яс-Марина,2024-12-01,17:00
Баку,2024-05-05,14:00
Марина-Бей,2024-09-21,20:00
Жиль Вильнёв,2024-06-09,14:00
Зандфорт,2024-08-30,15:30
Мельбурн,2024-03-24,13:10
Лас-Вегас,2024-11-16,18:00
Джидда,2024-03-10,20:30
Бахрейн,2024-03-03,18:00
Муджелло,2024-07-28,14:30
Монца,2024-09-03,14:00
Сильверстоун,2024-07-16,13:30
Спа-Франкоршам,2024-08-22,15:00
Монте-Карло,2024-05-29,12:00
Сузука,2024-10-12,16:00
Интерлагос,2024-11-03,14:30
Хоккенхаймринг,2024-06-14,13:00
Ред Булл Ринг,2024-07-07,14:45
Барселона-Каталунья,2024-06-23,15:15
Имола,2024-04-21,12:45
Яс-Марина,2024-12-01,17:00
Баку,2024-05-05,14:00
Марина-Бей,2024-09-21,20:00
Жиль Вильнёв,2024-06-09,14:00
Зандфорт,2024-08-30,15:30
Мельбурн,2024-03-24,13:10
Лас-Вегас,2024-11-16,18:00
Джидда,2024-03-10,20:30
Бахрейн,2024-03-03,18:00
Муджелло,2024-07-28,14:30
Монца,2024-09-03,14:00
Сильверстоун,2024-07-16,13:30
Спа-Франкоршам,2024-08-22,15:00
Монте-Карло,2024-05-29,12:00
Сузука,2024-10-12,16:00
Интерлагос,2024-11-03,14:30
Хоккенхаймринг,2024-06-14,13:00
Ред Булл Ринг,2024-07-07,14:45
Барселона-Каталунья,2024-06-23,15:15
Имола,2024-04-21,12:45
Яс-Марина,2024-12-01,17:00
Баку,2024-05-05,14:00
Марина-Бей,2024-09-21,20:00
Жиль Вильнёв,2024-06-09,14:00
Зандфорт,2024-08-30,15:30
Мельбурн,2024-03-24,13:10
Лас-Вегас,2024-11-16,18:00
Джидда,2024-03-10,20:30
Бахрейн,2024-03-03,18:00
Муджелло,2024-07-28,14:30
Монца,2024-09-03,14:00
Сильверстоун,2024-07-16,13:30
Спа-Франкоршам,2024-08-22,15:00
Монте-Карло,2024-05-29,12:00
Сузука,2024-10-12,16:00
Интерлагос,2024-11-03,14:30
Хоккенхаймринг,2024-06-14,13:00
Ред Булл Ринг,2024-07-07,14:45
Барселона-Каталунья,2024-06-23,15:15
Имола,2024-04-21,12:45
Яс-Марина,2024-12-01,17:00
Баку,2024-05-05,14:00
Марина-Бей,2024-09-21,20:00
Жиль Вильнёв,2024-06-09,14:00
Зандфорт,2024-08-30,15:30
Мельбурн,2024-03-24,13:10
Лас-Вегас,2024-11-16,18:00
Джидда,2024-03-10,20:30
Бахрейн,2024-03-03,18:00
Муджелло,2024-07-28,14:30
Монца,2024-09-03,14:00
Сильверстоун,2024-07-16,13:30
Спа-Франкоршам,2024-08-22,15:00
Монте-Карло,2024-05-29,12:00
Сузука,2024-10-12,16:00
Интерлагос,2024-11-03,14:30
Хоккенхаймринг,2024-06-14,13:00
Ред Булл Ринг,2024-07-07,14:45
Барселона-Каталунья,2024-06-23,15:15
Имола,2024-04-21,12:45
Яс-Марина,2024-12-01,17:00
Баку,2024-05-05,14:00
Марина-Бей,2024-09-21,20:00
Жиль Вильнёв,2024-06-09,14:00
Зандфорт,2024-08-30,15:30
Мельбурн,2024-03-24,13:10
Лас-Вегас,2024-11-16,18:00
Джидда,2024-03-10,20:30
Бахрейн,2024-03-03,18:00
Муджелло,2024-07-28,14:30
Монца,2024-09-03,14:00
Сильверстоун,2024-07-16,13:30
Спа-Франкоршам,2024-08-22,15:00
Монте-Карло,2024-05-29,12:00
Сузука,2024-10-12,16:00
Интерлагос,2024-11-03,14:30
Хоккенхаймринг,2024-06-14,13:00
Ред Булл Ринг,2024-07-07,14:45
Барселона-Каталунья,2024-06-23,15:15
Имола,2024-04-21,12:45
Яс-Марина,2024-12-01,17:00
Баку,2024-05-05,14:00
Марина-Бей,2024-09-21,20:00
Жиль Вильнёв,2024-06-09,14:00
Зандфорт,2024-08-30,15:30
Мельбурн,2024-03-24,13:10
Лас-Вегас,2024-11-16,18:00
Джидда,2024-03-10,20:30
Бахрейн,2024-03-03,18:00
Муджелло,2024-07-28,14:30
