Mercedes-AMG Petronas,Германия
McLaren,Великобритания
Red Bull Racing,Австрия
Феррари,Италия
Aston Martin,Великобритания
Alpine,Франция
AlphaTauri,Италия
Alfa Romeo,Швейцария
Haas,США
Williams,Великобритания
Mercedes-AMG Petronas,Германия
McLaren,Великобритания
Red Bull Racing,Австрия
Феррари,Италия
Aston Martin,Великобритания
Alpine,Франция
AlphaTauri,Италия
Alfa Romeo,Швейцария
Haas,США
Williams,Великобритания
Mercedes-AMG Petronas,Германия
McLaren,Великобритания
Red Bull Racing,Австрия
Феррари,Италия
Aston Martin,Великобритания
Alpine,Франция
AlphaTauri,Италия
Alfa Romeo,Швейцария
Haas,США
Williams,Великобритания
Mercedes-AMG Petronas,Германия
McLaren,Великобритания
Red Bull Racing,Австрия
Феррари,Италия
Aston Martin,Великобритания
Alpine,Франция
AlphaTauri,Италия
Alfa Romeo,Швейцария
Haas,США
Williams,Великобритания
Mercedes-AMG Petronas,Германия
McLaren,Великобритания
Red Bull Racing,Австрия
Феррари,Италия
Aston Martin,Великобритания
Alpine,Франция
AlphaTauri,Италия
Alfa Romeo,Швейцария
Haas,США
Williams,Великобритания
Mercedes-AMG Petronas,Германия
McLaren,Великобритания
Red Bull Racing,Австрия
Феррари,Италия
Aston Martin,Великобритания
Alpine,Франция
AlphaTauri,Италия
Alfa Romeo,Швейцария
Haas,США
Williams,Великобритания
Mercedes-AMG Petronas,Германия
McLaren,Великобритания
Red Bull Racing,Австрия
Феррари,Италия
Aston Martin,Великобритания
Alpine,Франция
AlphaTauri,Италия
Alfa Romeo,Швейцария
Haas,США
Williams,Великобритания
Mercedes-AMG Petronas,Германия
McLaren,Великобритания
Red Bull Racing,Австрия
Феррари,Италия
Aston Martin,Великобритания
Alpine,Франция
AlphaTauri,Италия
Alfa Romeo,Швейцария
Haas,США
Williams,Великобритания
