Монца,Италия
Сильверстоун,Великобритания
Спа-Франкоршам,Бельгия
Монте-Карло,Монако
Сузука,Япония
Интерлагос,Бразилия
Хоккенхаймринг,Германия
Ред Булл Ринг,Австрия
Барселона-Каталунья,Испания
Имола,Италия
Яс-Марина,ОАЭ
Баку,Азербайджан
Марина-Бей,Сингапур
Жиль Вильнёв,Канада
Зандфорт,Нидерланды
Мельбурн,Австралия
Лас-Вегас,США
Джидда,Саудовская Аравия
Бахрейн,Бахрейн
Муджелло,Италия
Монца,Италия
Сильверстоун,Великобритания
Спа-Франкоршам,Бельгия
Монте-Карло,Монако
Сузука,Япония
Интерлагос,Бразилия
Хоккенхаймринг,Германия
Ред Булл Ринг,Австрия
Барселона-Каталунья,Испания
Имола,Италия
Яс-Марина,ОАЭ
Баку,Азербайджан
Марина-Бей,Сингапур
Жиль Вильнёв,Канада
Зандфорт,Нидерланды
Мельбурн,Австралия
Лас-Вегас,США
Джидда,Саудовская Аравия
Бахрейн,Бахрейн
Муджелло,Италия
Монца,Италия
Сильверстоун,Великобритания
Спа-Франкоршам,Бельгия
Монте-Карло,Монако
Сузука,Япония
Интерлагос,Бразилия
Хоккенхаймринг,Германия
Ред Булл Ринг,Австрия
Барселона-Каталунья,Испания
Имола,Италия
Яс-Марина,ОАЭ
Баку,Азербайджан
Марина-Бей,Сингапур
Жиль Вильнёв,Канада
Зандфорт,Нидерланды
Мельбурн,Австралия
Лас-Вегас,США
Джидда,Саудовская Аравия
Бахрейн,Бахрейн
Муджелло,Италия
Монца,Италия
Сильверстоун,Великобритания
Спа-Франкоршам,Бельгия
Монте-Карло,Монако
Сузука,Япония
Интерлагос,Бразилия
Хоккенхаймринг,Германия
Ред Булл Ринг,Австрия
Барселона-Каталунья,Испания
Имола,Италия
Яс-Марина,ОАЭ
Баку,Азербайджан
Марина-Бей,Сингапур
Жиль Вильнёв,Канада
Зандфорт,Нидерланды
Мельбурн,Австралия
Лас-Вегас,США
Джидда,Саудовская Аравия
Бахрейн,Бахрейн
Муджелло,Италия
Монца,Италия
Сильверстоун,Великобритания
Спа-Франкоршам,Бельгия
Монте-Карло,Монако
Сузука,Япония
Интерлагос,Бразилия
Хоккенхаймринг,Германия
Ред Булл Ринг,Австрия
Барселона-Каталунья,Испания
Имола,Италия
Яс-Марина,ОАЭ
Баку,Азербайджан
Марина-Бей,Сингапур
Жиль Вильнёв,Канада
Зандфорт,Нидерланды
Мельбурн,Австралия
Лас-Вегас,США
Джидда,Саудовская Аравия
Бахрейн,Бахрейн
Муджелло,Италия
Монца,Италия
Сильверстоун,Великобритания
Спа-Франкоршам,Бельгия
Монте-Карло,Монако
Сузука,Япония
Интерлагос,Бразилия
Хоккенхаймринг,Германия
Ред Булл Ринг,Австрия
Барселона-Каталунья,Испания
Имола,Италия
Яс-Марина,ОАЭ
Баку,Азербайджан
Марина-Бей,Сингапур
Жиль Вильнёв,Канада
Зандфорт,Нидерланды
Мельбурн,Австралия
Лас-Вегас,США
Джидда,Саудовская Аравия
Бахрейн,Бахрейн
Муджелло,Италия
Монца,Италия
Сильверстоун,Великобритания
Спа-Франкоршам,Бельгия
Монте-Карло,Монако
Сузука,Япония
Интерлагос,Бразилия
Хоккенхаймринг,Германия
Ред Булл Ринг,Австрия
Барселона-Каталунья,Испания
Имола,Италия
Яс-Марина,ОАЭ
Баку,Азербайджан
Марина-Бей,Сингапур
Жиль Вильнёв,Канада
Зандфорт,Нидерланды
Мельбурн,Австралия
Лас-Вегас,США
Джидда,Саудовская Аравия
Бахрейн,Бахрейн
Муджелло,Италия
Монца,Италия
Сильверстоун,Великобритания
Спа-Франкоршам,Бельгия
Монте-Карло,Монако
Сузука,Япония
Интерлагос,Бразилия
Хоккенхаймринг,Германия
Ред Булл Ринг,Австрия
Барселона-Каталунья,Испания
Имола,Италия
Яс-Марина,ОАЭ
Баку,Азербайджан
Марина-Бей,Сингапур
Жиль Вильнёв,Канада
Зандфорт,Нидерланды
Мельбурн,Австралия
Лас-Вегас,США
Джидда,Саудовская Аравия
Бахрейн,Бахрейн
Муджелло,Италия
